coin_id,date,reddit_posts
doge,2025-11-30,0
doge,2025-11-29,0
doge,2025-11-28,0
doge,2025-11-27,0
doge,2025-11-26,0
doge,2025-11-25,0
doge,2025-11-24,0
doge,2025-11-23,0
doge,2025-11-22,0
doge,2025-11-21,0
doge,2025-11-20,0
doge,2025-11-19,0
doge,2025-11-18,0
doge,2025-11-17,0
doge,2025-11-16,0
doge,2025-11-15,0
doge,2025-11-14,0
doge,2025-11-13,0
doge,2025-11-12,0
doge,2025-11-11,0
doge,2025-11-10,0
doge,2025-11-09,0
doge,2025-11-08,0
doge,2025-11-07,0
doge,2025-11-06,0
doge,2025-11-05,0
doge,2025-11-04,0
doge,2025-11-03,0
doge,2025-11-02,0
doge,2025-11-01,0
shib,2025-11-30,0
shib,2025-11-29,0
shib,2025-11-28,0
shib,2025-11-27,0
shib,2025-11-26,0
shib,2025-11-25,0
shib,2025-11-24,0
shib,2025-11-23,0
shib,2025-11-22,0
shib,2025-11-21,0
shib,2025-11-20,0
shib,2025-11-19,0
shib,2025-11-18,0
shib,2025-11-17,0
shib,2025-11-16,0
shib,2025-11-15,0
shib,2025-11-14,0
shib,2025-11-13,0
shib,2025-11-12,0
shib,2025-11-11,0
shib,2025-11-10,0
shib,2025-11-09,0
shib,2025-11-08,0
shib,2025-11-07,0
shib,2025-11-06,0
shib,2025-11-05,0
shib,2025-11-04,0
shib,2025-11-03,0
shib,2025-11-02,0
shib,2025-11-01,0
pepe,2025-11-30,0
pepe,2025-11-29,0
pepe,2025-11-28,0
pepe,2025-11-27,0
pepe,2025-11-26,0
pepe,2025-11-25,0
pepe,2025-11-24,0
pepe,2025-11-23,0
pepe,2025-11-22,0
pepe,2025-11-21,0
pepe,2025-11-20,0
pepe,2025-11-19,0
pepe,2025-11-18,0
pepe,2025-11-17,0
pepe,2025-11-16,0
pepe,2025-11-15,0
pepe,2025-11-14,0
pepe,2025-11-13,0
pepe,2025-11-12,0
pepe,2025-11-11,0
pepe,2025-11-10,0
pepe,2025-11-09,0
pepe,2025-11-08,0
pepe,2025-11-07,0
pepe,2025-11-06,0
pepe,2025-11-05,0
pepe,2025-11-04,0
pepe,2025-11-03,0
pepe,2025-11-02,0
pepe,2025-11-01,0
bonk,2025-11-30,0
bonk,2025-11-29,0
bonk,2025-11-28,0
bonk,2025-11-27,0
bonk,2025-11-26,0
bonk,2025-11-25,0
bonk,2025-11-24,0
bonk,2025-11-23,0
bonk,2025-11-22,0
bonk,2025-11-21,0
bonk,2025-11-20,0
bonk,2025-11-19,0
bonk,2025-11-18,0
bonk,2025-11-17,0
bonk,2025-11-16,0
bonk,2025-11-15,0
bonk,2025-11-14,0
bonk,2025-11-13,0
bonk,2025-11-12,0
bonk,2025-11-11,0
bonk,2025-11-10,0
bonk,2025-11-09,0
bonk,2025-11-08,0
bonk,2025-11-07,0
bonk,2025-11-06,0
bonk,2025-11-05,0
bonk,2025-11-04,0
bonk,2025-11-03,0
bonk,2025-11-02,0
bonk,2025-11-01,0
floki,2025-11-30,0
floki,2025-11-29,0
floki,2025-11-28,0
floki,2025-11-27,0
floki,2025-11-26,0
floki,2025-11-25,0
floki,2025-11-24,0
floki,2025-11-23,0
floki,2025-11-22,0
floki,2025-11-21,0
floki,2025-11-20,0
floki,2025-11-19,0
floki,2025-11-18,0
floki,2025-11-17,0
floki,2025-11-16,0
floki,2025-11-15,0
floki,2025-11-14,0
floki,2025-11-13,0
floki,2025-11-12,0
floki,2025-11-11,0
floki,2025-11-10,0
floki,2025-11-09,0
floki,2025-11-08,0
floki,2025-11-07,0
floki,2025-11-06,0
floki,2025-11-05,0
floki,2025-11-04,0
floki,2025-11-03,0
floki,2025-11-02,0
floki,2025-11-01,0
bome,2025-11-30,0
bome,2025-11-29,0
bome,2025-11-28,0
bome,2025-11-27,0
bome,2025-11-26,0
bome,2025-11-25,0
bome,2025-11-24,0
bome,2025-11-23,0
bome,2025-11-22,0
bome,2025-11-21,0
bome,2025-11-20,0
bome,2025-11-19,0
bome,2025-11-18,0
bome,2025-11-17,0
bome,2025-11-16,0
bome,2025-11-15,0
bome,2025-11-14,0
bome,2025-11-13,0
bome,2025-11-12,0
bome,2025-11-11,0
bome,2025-11-10,0
bome,2025-11-09,0
bome,2025-11-08,0
bome,2025-11-07,0
bome,2025-11-06,0
bome,2025-11-05,0
bome,2025-11-04,0
bome,2025-11-03,0
bome,2025-11-02,0
bome,2025-11-01,0
mog,2025-11-30,0
mog,2025-11-29,0
mog,2025-11-28,0
mog,2025-11-27,0
mog,2025-11-26,0
mog,2025-11-25,0
mog,2025-11-24,0
mog,2025-11-23,0
mog,2025-11-22,0
mog,2025-11-21,0
mog,2025-11-20,0
mog,2025-11-19,0
mog,2025-11-18,0
mog,2025-11-17,0
mog,2025-11-16,0
mog,2025-11-15,0
mog,2025-11-14,0
mog,2025-11-13,0
mog,2025-11-12,0
mog,2025-11-11,0
mog,2025-11-10,0
mog,2025-11-09,0
mog,2025-11-08,0
mog,2025-11-07,0
mog,2025-11-06,0
mog,2025-11-05,0
mog,2025-11-04,0
mog,2025-11-03,0
mog,2025-11-02,0
mog,2025-11-01,0
wif,2025-11-30,0
wif,2025-11-29,0
wif,2025-11-28,0
wif,2025-11-27,0
wif,2025-11-26,0
wif,2025-11-25,0
wif,2025-11-24,0
wif,2025-11-23,0
wif,2025-11-22,0
wif,2025-11-21,0
wif,2025-11-20,0
wif,2025-11-19,0
wif,2025-11-18,0
wif,2025-11-17,0
wif,2025-11-16,0
wif,2025-11-15,0
wif,2025-11-14,0
wif,2025-11-13,0
wif,2025-11-12,0
wif,2025-11-11,0
wif,2025-11-10,0
wif,2025-11-09,0
wif,2025-11-08,0
wif,2025-11-07,0
wif,2025-11-06,0
wif,2025-11-05,0
wif,2025-11-04,0
wif,2025-11-03,0
wif,2025-11-02,0
wif,2025-11-01,0
popcat,2025-11-30,0
popcat,2025-11-29,0
popcat,2025-11-28,0
popcat,2025-11-27,0
popcat,2025-11-26,0
popcat,2025-11-25,0
popcat,2025-11-24,0
popcat,2025-11-23,0
popcat,2025-11-22,0
popcat,2025-11-21,0
popcat,2025-11-20,0
popcat,2025-11-19,0
popcat,2025-11-18,0
popcat,2025-11-17,0
popcat,2025-11-16,0
popcat,2025-11-15,0
popcat,2025-11-14,0
popcat,2025-11-13,0
popcat,2025-11-12,0
popcat,2025-11-11,0
popcat,2025-11-10,0
popcat,2025-11-09,0
popcat,2025-11-08,0
popcat,2025-11-07,0
popcat,2025-11-06,0
popcat,2025-11-05,0
popcat,2025-11-04,0
popcat,2025-11-03,0
popcat,2025-11-02,0
popcat,2025-11-01,0
brett,2025-11-30,0
brett,2025-11-29,0
brett,2025-11-28,0
brett,2025-11-27,0
brett,2025-11-26,0
brett,2025-11-25,0
brett,2025-11-24,0
brett,2025-11-23,0
brett,2025-11-22,0
brett,2025-11-21,0
brett,2025-11-20,0
brett,2025-11-19,0
brett,2025-11-18,0
brett,2025-11-17,0
brett,2025-11-16,0
brett,2025-11-15,0
brett,2025-11-14,0
brett,2025-11-13,0
brett,2025-11-12,0
brett,2025-11-11,0
brett,2025-11-10,0
brett,2025-11-09,0
brett,2025-11-08,0
brett,2025-11-07,0
brett,2025-11-06,0
brett,2025-11-05,0
brett,2025-11-04,0
brett,2025-11-03,0
brett,2025-11-02,0
brett,2025-11-01,0
